{ 
	"doc": {
		"name" : "cam.psd",
		"txs" : [
		{
			"name" : "back",
  			"x" : 40.75,
  			"y" : 472.75,
  			"regPercX" : 0.5,
  			"regPercY" : 0.5,
  			"hug" : "bl",
  			"z" : 4,
  			"width" : 61.5,
  			"height" : 34.5,
  			"clone" : "",
  			"src" : "",
  			"type" : "btn",
  			"tfParams" : "{\"visBoundsTLX\":-16.25,\"visBoundsTLY\":-6.25,\"visBoundsW\":35,\"visBoundsH\":11.5,\"text\":\"back\",\"font\":\"Montserrat-Regular\",\"alpha\":1,\"color\":\"#FFFFFF\",\"fontStyle\":\"Regular\",\"fontName\":\"Montserrat\",\"fontSize\":15,\"align\":\"center\"}",
  			"parent" : "",
  			"flags" : "ui",
  			"class" : ""
		},
		{
			"name" : "ball_focus",
  			"x" : 250.25,
  			"y" : 250.25,
  			"regPercX" : 0.5,
  			"regPercY" : 0.5,
  			"hug" : "",
  			"z" : 0,
  			"width" : 61.5,
  			"height" : 61.5,
  			"clone" : "",
  			"src" : "img/cam/ball_focus.png",
  			"type" : "img",
  			"tfParams" : "",
  			"parent" : "",
  			"flags" : "",
  			"class" : ""
		},
		{
			"name" : "ball",
  			"x" : 250.25,
  			"y" : 250.25,
  			"regPercX" : 0.5,
  			"regPercY" : 0.5,
  			"hug" : "",
  			"z" : 0,
  			"width" : 38.5,
  			"height" : 38.5,
  			"clone" : "",
  			"src" : "img/cam/ball.png",
  			"type" : "img",
  			"tfParams" : "",
  			"parent" : "",
  			"flags" : "",
  			"class" : ""
		}
	]},
	"pubtime" : "2021-8-31 9:37:44"
}