{ 
	"doc": {
		"name" : "filter.psd",
		"txs" : [
		{
			"name" : "dot",
  			"x" : 102.75,
  			"y" : 103.75,
  			"regPercX" : 0.5,
  			"regPercY" : 0.5,
  			"hug" : "",
  			"z" : 0,
  			"width" : 24.5,
  			"height" : 24.5,
  			"clone" : "",
  			"src" : "img/filter/dot.png",
  			"type" : "img",
  			"tfParams" : "",
  			"parent" : "",
  			"flags" : "",
  			"class" : ""
		},
		{
			"name" : "next",
  			"x" : 448.5,
  			"y" : 467.25,
  			"regPercX" : 0.5,
  			"regPercY" : 0.5,
  			"hug" : "br",
  			"z" : 0,
  			"width" : 73,
  			"height" : 34.5,
  			"clone" : "",
  			"src" : "",
  			"type" : "btn",
  			"tfParams" : "{\"visBoundsTLX\":-15,\"visBoundsTLY\":-5.25,\"visBoundsW\":31.5,\"visBoundsH\":10,\"text\":\"next\",\"font\":\"Montserrat-Regular\",\"alpha\":1,\"color\":\"#FFFFFF\",\"fontStyle\":\"Regular\",\"fontName\":\"Montserrat\",\"fontSize\":15,\"align\":\"center\"}",
  			"parent" : "",
  			"flags" : "ui",
  			"class" : ""
		},
		{
			"name" : "range",
  			"x" : 250,
  			"y" : 250,
  			"regPercX" : 0.5,
  			"regPercY" : 0.5,
  			"hug" : "",
  			"z" : 0,
  			"width" : 113,
  			"height" : 113,
  			"clone" : "",
  			"src" : "img/filter/range.png",
  			"type" : "img",
  			"tfParams" : "",
  			"parent" : "",
  			"flags" : "",
  			"class" : ""
		}
	]},
	"pubtime" : "2021-8-31 12:2:40"
}