{ 
	"doc": {
		"name" : "home.psd",
		"txs" : [
		{
			"name" : "music_icon_0",
  			"x" : -0.25,
  			"y" : -0.25,
  			"regPercX" : 0.5,
  			"regPercY" : 0.5,
  			"hug" : "",
  			"z" : 0,
  			"width" : 29.5,
  			"height" : 18.5,
  			"clone" : "",
  			"src" : "img/home/music_icon_0.png",
  			"type" : "img",
  			"tfParams" : "",
  			"parent" : "music_btn",
  			"flags" : "ui",
  			"class" : ""
		},
		{
			"name" : "music_icon_1",
  			"x" : 0,
  			"y" : -0.25,
  			"regPercX" : 0.5,
  			"regPercY" : 0.5,
  			"hug" : "",
  			"z" : 0,
  			"width" : 30,
  			"height" : 18.5,
  			"clone" : "",
  			"src" : "img/home/music_icon_1.png",
  			"type" : "img",
  			"tfParams" : "",
  			"parent" : "music_btn",
  			"flags" : "ui",
  			"class" : ""
		},
		{
			"name" : "music_hit",
  			"x" : 0,
  			"y" : 0,
  			"regPercX" : 0.5,
  			"regPercY" : 0.5,
  			"hug" : "",
  			"z" : 0,
  			"width" : 38,
  			"height" : 29,
  			"clone" : "",
  			"src" : "img/home/music_hit.png",
  			"type" : "img",
  			"tfParams" : "",
  			"parent" : "music_btn",
  			"flags" : "ui",
  			"class" : ""
		},
		{
			"name" : "music_btn",
  			"x" : 413,
  			"y" : 485.5,
  			"regPercX" : 0.5,
  			"regPercY" : 0.5,
  			"hug" : "br",
  			"z" : 0,
  			"width" : 38,
  			"height" : 29,
  			"clone" : "",
  			"src" : "",
  			"type" : "div",
  			"tfParams" : "",
  			"parent" : "",
  			"flags" : "ui",
  			"class" : ""
		},
		{
			"name" : "sfx_icon_0",
  			"x" : 0,
  			"y" : 0.25,
  			"regPercX" : 0.5,
  			"regPercY" : 0.5,
  			"hug" : "",
  			"z" : 0,
  			"width" : 20,
  			"height" : 20.5,
  			"clone" : "",
  			"src" : "img/home/sfx_icon_0.png",
  			"type" : "img",
  			"tfParams" : "",
  			"parent" : "sfx_btn",
  			"flags" : "ui",
  			"class" : ""
		},
		{
			"name" : "sfx_icon_1",
  			"x" : 0,
  			"y" : 0.25,
  			"regPercX" : 0.5,
  			"regPercY" : 0.5,
  			"hug" : "",
  			"z" : 0,
  			"width" : 21,
  			"height" : 20.5,
  			"clone" : "",
  			"src" : "img/home/sfx_icon_1.png",
  			"type" : "img",
  			"tfParams" : "",
  			"parent" : "sfx_btn",
  			"flags" : "ui",
  			"class" : ""
		},
		{
			"name" : "sfx_hit",
  			"x" : 0,
  			"y" : 0,
  			"regPercX" : 0.5,
  			"regPercY" : 0.5,
  			"hug" : "",
  			"z" : 0,
  			"width" : 29,
  			"height" : 29,
  			"clone" : "",
  			"src" : "img/home/sfx_hit.png",
  			"type" : "img",
  			"tfParams" : "",
  			"parent" : "sfx_btn",
  			"flags" : "ui",
  			"class" : ""
		},
		{
			"name" : "sfx_btn",
  			"x" : 451.5,
  			"y" : 485.5,
  			"regPercX" : 0.5,
  			"regPercY" : 0.5,
  			"hug" : "br",
  			"z" : 0,
  			"width" : 29,
  			"height" : 29,
  			"clone" : "",
  			"src" : "",
  			"type" : "div",
  			"tfParams" : "",
  			"parent" : "",
  			"flags" : "ui",
  			"class" : ""
		},
		{
			"name" : "fs_icon_1",
  			"x" : 0,
  			"y" : 0,
  			"regPercX" : 0.5,
  			"regPercY" : 0.5,
  			"hug" : "",
  			"z" : 0,
  			"width" : 16,
  			"height" : 16,
  			"clone" : "",
  			"src" : "img/home/fs_icon_1.png",
  			"type" : "img",
  			"tfParams" : "",
  			"parent" : "fs_btn",
  			"flags" : "ui",
  			"class" : ""
		},
		{
			"name" : "fs_icon_0",
  			"x" : 0,
  			"y" : 0,
  			"regPercX" : 0.5,
  			"regPercY" : 0.5,
  			"hug" : "",
  			"z" : 0,
  			"width" : 16,
  			"height" : 16,
  			"clone" : "",
  			"src" : "img/home/fs_icon_0.png",
  			"type" : "img",
  			"tfParams" : "",
  			"parent" : "fs_btn",
  			"flags" : "ui",
  			"class" : ""
		},
		{
			"name" : "fs_hit",
  			"x" : 0,
  			"y" : 0,
  			"regPercX" : 0.5,
  			"regPercY" : 0.5,
  			"hug" : "",
  			"z" : 0,
  			"width" : 29,
  			"height" : 29,
  			"clone" : "",
  			"src" : "img/home/fs_hit.png",
  			"type" : "img",
  			"tfParams" : "",
  			"parent" : "fs_btn",
  			"flags" : "ui",
  			"class" : ""
		},
		{
			"name" : "fs_btn",
  			"x" : 485.5,
  			"y" : 485.5,
  			"regPercX" : 0.5,
  			"regPercY" : 0.5,
  			"hug" : "br",
  			"z" : 0,
  			"width" : 29,
  			"height" : 29,
  			"clone" : "",
  			"src" : "",
  			"type" : "div",
  			"tfParams" : "",
  			"parent" : "",
  			"flags" : "ui",
  			"class" : ""
		},
		{
			"name" : "black_italic_test",
  			"x" : 149.75,
  			"y" : 399,
  			"regPercX" : 0.5,
  			"regPercY" : 0.5,
  			"hug" : "",
  			"z" : 3,
  			"width" : 58.5,
  			"height" : 32,
  			"clone" : "",
  			"src" : "",
  			"type" : "tf",
  			"tfParams" : "{\"visBoundsTLX\":-29.25,\"visBoundsTLY\":-16,\"visBoundsW\":58.5,\"visBoundsH\":32,\"text\":\"Black\\nItalic Q\",\"font\":\"Montserrat-BlackItalic\",\"alpha\":1,\"color\":\"#F89AEE\",\"fontStyle\":\"Black Italic\",\"fontName\":\"Montserrat\",\"fontSize\":15,\"align\":\"center\"}",
  			"parent" : "",
  			"flags" : "ui",
  			"class" : ""
		},
		{
			"name" : "reg_italic_test",
  			"x" : 249.75,
  			"y" : 315.5,
  			"regPercX" : 0.5,
  			"regPercY" : 0.5,
  			"hug" : "",
  			"z" : 3,
  			"width" : 52.5,
  			"height" : 31,
  			"clone" : "",
  			"src" : "",
  			"type" : "tf",
  			"tfParams" : "{\"visBoundsTLX\":-26.25,\"visBoundsTLY\":-15.5,\"visBoundsW\":52.5,\"visBoundsH\":31,\"text\":\"Reg\\nItalic Q\",\"font\":\"Montserrat-Italic\",\"alpha\":1,\"color\":\"#F89AEE\",\"fontStyle\":\"Italic\",\"fontName\":\"Montserrat\",\"fontSize\":15,\"align\":\"center\"}",
  			"parent" : "",
  			"flags" : "ui",
  			"class" : ""
		},
		{
			"name" : "thin_test",
  			"x" : 249.25,
  			"y" : 389.5,
  			"regPercX" : 0.5,
  			"regPercY" : 0.5,
  			"hug" : "",
  			"z" : 3,
  			"width" : 48.5,
  			"height" : 13,
  			"clone" : "",
  			"src" : "",
  			"type" : "tf",
  			"tfParams" : "{\"visBoundsTLX\":-24.25,\"visBoundsTLY\":-6.5,\"visBoundsW\":48.5,\"visBoundsH\":13,\"text\":\"Thin Q\",\"font\":\"Montserrat-Thin\",\"alpha\":1,\"color\":\"#F89AEE\",\"fontStyle\":\"Thin\",\"fontName\":\"Montserrat\",\"fontSize\":15,\"align\":\"center\"}",
  			"parent" : "",
  			"flags" : "ui",
  			"class" : ""
		},
		{
			"name" : "thin_italic_test",
  			"x" : 350.25,
  			"y" : 398.25,
  			"regPercX" : 0.5,
  			"regPercY" : 0.5,
  			"hug" : "",
  			"z" : 3,
  			"width" : 50.5,
  			"height" : 31.5,
  			"clone" : "",
  			"src" : "",
  			"type" : "tf",
  			"tfParams" : "{\"visBoundsTLX\":-25.25,\"visBoundsTLY\":-15.75,\"visBoundsW\":50.5,\"visBoundsH\":31.5,\"text\":\"Thin\\nItalic Q\",\"font\":\"Montserrat-ThinItalic\",\"alpha\":1,\"color\":\"#F89AEE\",\"fontStyle\":\"Thin Italic\",\"fontName\":\"Montserrat\",\"fontSize\":15,\"align\":\"center\"}",
  			"parent" : "",
  			"flags" : "ui",
  			"class" : ""
		},
		{
			"name" : "roboto_italic_test",
  			"x" : 391,
  			"y" : 252.75,
  			"regPercX" : 0.5,
  			"regPercY" : 0.5,
  			"hug" : "",
  			"z" : 3,
  			"width" : 116,
  			"height" : 31.5,
  			"clone" : "",
  			"src" : "",
  			"type" : "tf",
  			"tfParams" : "{\"visBoundsTLX\":-58,\"visBoundsTLY\":-15.75,\"visBoundsW\":116,\"visBoundsH\":31.5,\"text\":\"Roboto Light Italic\\nQ&01234567890\",\"font\":\"Roboto-LightItalic\",\"alpha\":1,\"color\":\"#F89AEE\",\"fontStyle\":\"Light Italic\",\"fontName\":\"Roboto\",\"fontSize\":15,\"align\":\"center\"}",
  			"parent" : "",
  			"flags" : "ui",
  			"class" : ""
		},
		{
			"name" : "roboto_test",
  			"x" : 108,
  			"y" : 242.5,
  			"regPercX" : 0.5,
  			"regPercY" : 0.5,
  			"hug" : "",
  			"z" : 3,
  			"width" : 83,
  			"height" : 12,
  			"clone" : "",
  			"src" : "",
  			"type" : "tf",
  			"tfParams" : "{\"visBoundsTLX\":-41.5,\"visBoundsTLY\":-6,\"visBoundsW\":83,\"visBoundsH\":12,\"text\":\"Roboto Slab\",\"font\":\"RobotoSlab-Bold\",\"alpha\":1,\"color\":\"#F89AEE\",\"fontStyle\":\"Bold\",\"fontName\":\"Roboto Slab\",\"fontSize\":15,\"align\":\"center\"}",
  			"parent" : "",
  			"flags" : "ui",
  			"class" : ""
		},
		{
			"name" : "bold_test",
  			"x" : 250.75,
  			"y" : 211.75,
  			"regPercX" : 0.5,
  			"regPercY" : 0.5,
  			"hug" : "",
  			"z" : 3,
  			"width" : 68.5,
  			"height" : 31.5,
  			"clone" : "",
  			"src" : "",
  			"type" : "tf",
  			"tfParams" : "{\"visBoundsTLX\":-34.25,\"visBoundsTLY\":-15.75,\"visBoundsW\":68.5,\"visBoundsH\":31.5,\"text\":\"Bold text\\nQQQ\",\"font\":\"Montserrat-Bold\",\"alpha\":1,\"color\":\"#F89AEE\",\"fontStyle\":\"Bold\",\"fontName\":\"Montserrat\",\"fontSize\":15,\"align\":\"center\"}",
  			"parent" : "",
  			"flags" : "ui",
  			"class" : ""
		},
		{
			"name" : "blurb",
  			"x" : 250,
  			"y" : 144.75,
  			"regPercX" : 0.5,
  			"regPercY" : 0.5,
  			"hug" : "",
  			"z" : 3,
  			"width" : 246,
  			"height" : 49.5,
  			"clone" : "",
  			"src" : "",
  			"type" : "tf",
  			"tfParams" : "{\"visBoundsTLX\":-123,\"visBoundsTLY\":-24.75,\"visBoundsW\":246,\"visBoundsH\":49.5,\"text\":\"Q Blurb text Blurb text Blurb text\\nQ Blurb text Blurb text Blurb text\\nQ Blurb text Blurb text\",\"font\":\"Montserrat-Regular\",\"alpha\":1,\"color\":\"#F89AEE\",\"fontStyle\":\"Regular\",\"fontName\":\"Montserrat\",\"fontSize\":15,\"align\":\"center\"}",
  			"parent" : "",
  			"flags" : "ui",
  			"class" : ""
		},
		{
			"name" : "title",
  			"x" : 249.75,
  			"y" : 58.25,
  			"regPercX" : 0.5,
  			"regPercY" : 0.5,
  			"hug" : "",
  			"z" : 1,
  			"width" : 134.5,
  			"height" : 23.5,
  			"clone" : "",
  			"src" : "",
  			"type" : "tf",
  			"tfParams" : "{\"visBoundsTLX\":-67.25,\"visBoundsTLY\":-11.75,\"visBoundsW\":134.5,\"visBoundsH\":23.5,\"text\":\"storymode\",\"font\":\"Montserrat-Regular\",\"alpha\":1,\"color\":\"#0DD6A0\",\"fontStyle\":\"Regular\",\"fontName\":\"Montserrat\",\"fontSize\":25,\"align\":\"center\"}",
  			"parent" : "",
  			"flags" : "ui",
  			"class" : ""
		},
		{
			"name" : "title_guide",
  			"x" : 250,
  			"y" : 60.25,
  			"regPercX" : 0.5,
  			"regPercY" : 0.5,
  			"hug" : "",
  			"z" : 0,
  			"width" : 136,
  			"height" : 28.5,
  			"clone" : "",
  			"src" : "img/home/title_guide.png",
  			"type" : "img",
  			"tfParams" : "",
  			"parent" : "",
  			"flags" : "ui",
  			"class" : ""
		},
		{
			"name" : "limb_c",
  			"x" : -40.25,
  			"y" : 0,
  			"regPercX" : 0.15909090909091,
  			"regPercY" : 0.5,
  			"hug" : "",
  			"z" : 0,
  			"width" : 33,
  			"height" : 10,
  			"clone" : "",
  			"src" : "img/home/limb_c.png",
  			"type" : "img",
  			"tfParams" : "",
  			"parent" : "limb_b",
  			"flags" : "",
  			"class" : ""
		},
		{
			"name" : "limb_b",
  			"x" : 80,
  			"y" : 0,
  			"regPercX" : 0.9009900990099,
  			"regPercY" : 0.5,
  			"hug" : "",
  			"z" : 0,
  			"width" : 50.5,
  			"height" : 10,
  			"clone" : "",
  			"src" : "img/home/limb_b.png",
  			"type" : "img",
  			"tfParams" : "",
  			"parent" : "limb_a",
  			"flags" : "",
  			"class" : ""
		},
		{
			"name" : "limb_a",
  			"x" : 83.5,
  			"y" : 206,
  			"regPercX" : 0.1,
  			"regPercY" : 0.5,
  			"hug" : "",
  			"z" : 0,
  			"width" : 100,
  			"height" : 20,
  			"clone" : "",
  			"src" : "img/home/limb_a.png",
  			"type" : "img",
  			"tfParams" : "",
  			"parent" : "",
  			"flags" : "",
  			"class" : ""
		},
		{
			"name" : "cam",
  			"x" : 103.75,
  			"y" : 323.25,
  			"regPercX" : 0.5,
  			"regPercY" : 0.5,
  			"hug" : "",
  			"z" : 4,
  			"width" : 108.5,
  			"height" : 34.5,
  			"clone" : "",
  			"src" : "",
  			"type" : "btn",
  			"tfParams" : "{\"visBoundsTLX\":-15.75,\"visBoundsTLY\":-3.25,\"visBoundsW\":31.5,\"visBoundsH\":8.5,\"text\":\"cam\",\"font\":\"Montserrat-Regular\",\"alpha\":1,\"color\":\"#FFFFFF\",\"fontStyle\":\"Regular\",\"fontName\":\"Montserrat\",\"fontSize\":15,\"align\":\"center\"}",
  			"parent" : "",
  			"flags" : "ui",
  			"class" : ""
		},
		{
			"name" : "modal",
  			"x" : 394.75,
  			"y" : 323.25,
  			"regPercX" : 0.5,
  			"regPercY" : 0.5,
  			"hug" : "",
  			"z" : 4,
  			"width" : 108.5,
  			"height" : 34.5,
  			"clone" : "",
  			"src" : "",
  			"type" : "btn",
  			"tfParams" : "{\"visBoundsTLX\":-22.75,\"visBoundsTLY\":-6.25,\"visBoundsW\":46,\"visBoundsH\":11.5,\"text\":\"modal\",\"font\":\"Montserrat-Regular\",\"alpha\":1,\"color\":\"#FFFFFF\",\"fontStyle\":\"Regular\",\"fontName\":\"Montserrat\",\"fontSize\":15,\"align\":\"center\"}",
  			"parent" : "",
  			"flags" : "ui",
  			"class" : ""
		},
		{
			"name" : "phys",
  			"x" : 250,
  			"y" : 357.75,
  			"regPercX" : 0.5,
  			"regPercY" : 0.5,
  			"hug" : "",
  			"z" : 2,
  			"width" : 112,
  			"height" : 34.5,
  			"clone" : "",
  			"src" : "",
  			"type" : "btn",
  			"tfParams" : "{\"visBoundsTLX\":-26,\"visBoundsTLY\":-7.25,\"visBoundsW\":53.5,\"visBoundsH\":14.5,\"text\":\"physics\",\"font\":\"Montserrat-Regular\",\"alpha\":1,\"color\":\"#FFFFFF\",\"fontStyle\":\"Regular\",\"fontName\":\"Montserrat\",\"fontSize\":15,\"align\":\"center\"}",
  			"parent" : "",
  			"flags" : "ui",
  			"class" : ""
		},
		{
			"name" : "start",
  			"x" : 250,
  			"y" : 467.25,
  			"regPercX" : 0.5,
  			"regPercY" : 0.5,
  			"hug" : "",
  			"z" : 2,
  			"width" : 73,
  			"height" : 34.5,
  			"clone" : "",
  			"src" : "",
  			"type" : "btn",
  			"tfParams" : "{\"visBoundsTLX\":-12.5,\"visBoundsTLY\":-7.25,\"visBoundsW\":25,\"visBoundsH\":15,\"text\":\"go\",\"font\":\"Montserrat-Regular\",\"alpha\":1,\"color\":\"#FFFFFF\",\"fontStyle\":\"Regular\",\"fontName\":\"Montserrat\",\"fontSize\":20,\"align\":\"center\"}",
  			"parent" : "",
  			"flags" : "ui",
  			"class" : "red"
		},
		{
			"name" : "bounds",
  			"x" : 250,
  			"y" : 250,
  			"regPercX" : 0.5,
  			"regPercY" : 0.5,
  			"hug" : "",
  			"z" : 0,
  			"width" : 500,
  			"height" : 500,
  			"clone" : "",
  			"src" : "img/home/bounds.png",
  			"type" : "img",
  			"tfParams" : "",
  			"parent" : "",
  			"flags" : "",
  			"class" : ""
		},
		{
			"name" : "ball",
  			"x" : 250.25,
  			"y" : 250.25,
  			"regPercX" : 0.5,
  			"regPercY" : 0.5,
  			"hug" : "",
  			"z" : 0,
  			"width" : 38.5,
  			"height" : 38.5,
  			"clone" : "",
  			"src" : "img/home/ball.png",
  			"type" : "img",
  			"tfParams" : "",
  			"parent" : "",
  			"flags" : "",
  			"class" : ""
		}
	]},
	"pubtime" : "2021-8-31 10:7:21"
}