{ 
	"doc": {
		"name" : "physics.psd",
		"txs" : [
		{
			"name" : "back",
  			"x" : 40.75,
  			"y" : 472.75,
  			"regPercX" : 0.5,
  			"regPercY" : 0.5,
  			"hug" : "bl",
  			"z" : 4,
  			"width" : 61.5,
  			"height" : 34.5,
  			"clone" : "",
  			"src" : "",
  			"type" : "btn",
  			"tfParams" : "{\"visBoundsTLX\":-16.25,\"visBoundsTLY\":-6.25,\"visBoundsW\":35,\"visBoundsH\":11.5,\"text\":\"back\",\"font\":\"Montserrat-Regular\",\"alpha\":1,\"color\":\"#FFFFFF\",\"fontStyle\":\"Regular\",\"fontName\":\"Montserrat\",\"fontSize\":15,\"align\":\"center\"}",
  			"parent" : "",
  			"flags" : "ui",
  			"class" : ""
		},
		{
			"name" : "next",
  			"x" : 448.5,
  			"y" : 467.25,
  			"regPercX" : 0.5,
  			"regPercY" : 0.5,
  			"hug" : "",
  			"z" : 2,
  			"width" : 73,
  			"height" : 34.5,
  			"clone" : "",
  			"src" : "",
  			"type" : "btn",
  			"tfParams" : "{\"visBoundsTLX\":-20,\"visBoundsTLY\":-9.25,\"visBoundsW\":42,\"visBoundsH\":13,\"text\":\"next\",\"font\":\"Montserrat-Regular\",\"alpha\":1,\"color\":\"#FFFFFF\",\"fontStyle\":\"Regular\",\"fontName\":\"Montserrat\",\"fontSize\":20,\"align\":\"center\"}",
  			"parent" : "",
  			"flags" : "ui",
  			"class" : "red"
		},
		{
			"name" : "fs_icon_1",
  			"x" : 0,
  			"y" : 0,
  			"regPercX" : 0.5,
  			"regPercY" : 0.5,
  			"hug" : "",
  			"z" : 0,
  			"width" : 16,
  			"height" : 16,
  			"clone" : "",
  			"src" : "img/physics/fs_icon_1.png",
  			"type" : "img",
  			"tfParams" : "",
  			"parent" : "fs_btn",
  			"flags" : "ui",
  			"class" : ""
		},
		{
			"name" : "fs_icon_0",
  			"x" : 0,
  			"y" : 0,
  			"regPercX" : 0.5,
  			"regPercY" : 0.5,
  			"hug" : "",
  			"z" : 0,
  			"width" : 16,
  			"height" : 16,
  			"clone" : "",
  			"src" : "img/physics/fs_icon_0.png",
  			"type" : "img",
  			"tfParams" : "",
  			"parent" : "fs_btn",
  			"flags" : "ui",
  			"class" : ""
		},
		{
			"name" : "fs_hit",
  			"x" : 0,
  			"y" : 0,
  			"regPercX" : 0.5,
  			"regPercY" : 0.5,
  			"hug" : "",
  			"z" : 0,
  			"width" : 29,
  			"height" : 29,
  			"clone" : "",
  			"src" : "img/physics/fs_hit.png",
  			"type" : "img",
  			"tfParams" : "",
  			"parent" : "fs_btn",
  			"flags" : "ui",
  			"class" : ""
		},
		{
			"name" : "fs_btn",
  			"x" : 485.5,
  			"y" : 485.5,
  			"regPercX" : 0.5,
  			"regPercY" : 0.5,
  			"hug" : "br",
  			"z" : 0,
  			"width" : 29,
  			"height" : 29,
  			"clone" : "",
  			"src" : "",
  			"type" : "div",
  			"tfParams" : "",
  			"parent" : "",
  			"flags" : "ui",
  			"class" : ""
		},
		{
			"name" : "box_0",
  			"x" : 288,
  			"y" : 446.25,
  			"regPercX" : 0.5,
  			"regPercY" : 0.5,
  			"hug" : "",
  			"z" : 0,
  			"width" : 424,
  			"height" : 49.5,
  			"clone" : "",
  			"src" : "img/physics/box_0.png",
  			"type" : "img",
  			"tfParams" : "",
  			"parent" : "",
  			"flags" : "",
  			"class" : ""
		},
		{
			"name" : "box_1",
  			"x" : 51.25,
  			"y" : 381.25,
  			"regPercX" : 0.5,
  			"regPercY" : 0.5,
  			"hug" : "",
  			"z" : 0,
  			"width" : 49.5,
  			"height" : 179.5,
  			"clone" : "",
  			"src" : "img/physics/box_1.png",
  			"type" : "img",
  			"tfParams" : "",
  			"parent" : "",
  			"flags" : "",
  			"class" : ""
		},
		{
			"name" : "ball_0",
  			"x" : 309.5,
  			"y" : 51,
  			"regPercX" : 0.5,
  			"regPercY" : 0.5,
  			"hug" : "",
  			"z" : 0,
  			"width" : 100,
  			"height" : 100,
  			"clone" : "",
  			"src" : "img/physics/ball_0.png",
  			"type" : "img",
  			"tfParams" : "",
  			"parent" : "",
  			"flags" : "",
  			"class" : ""
		},
		{
			"name" : "ball_1",
  			"x" : 216.25,
  			"y" : 24.75,
  			"regPercX" : 0.5,
  			"regPercY" : 0.5,
  			"hug" : "",
  			"z" : 0,
  			"width" : 42.5,
  			"height" : 42.5,
  			"clone" : "",
  			"src" : "img/physics/ball_1.png",
  			"type" : "img",
  			"tfParams" : "",
  			"parent" : "",
  			"flags" : "",
  			"class" : ""
		},
		{
			"name" : "ball_2",
  			"x" : 190,
  			"y" : 145,
  			"regPercX" : 0.5,
  			"regPercY" : 0.5,
  			"hug" : "",
  			"z" : 0,
  			"width" : 83,
  			"height" : 83,
  			"clone" : "",
  			"src" : "img/physics/ball_2.png",
  			"type" : "img",
  			"tfParams" : "",
  			"parent" : "",
  			"flags" : "",
  			"class" : ""
		},
		{
			"name" : "ball_3",
  			"x" : 328.25,
  			"y" : 218.25,
  			"regPercX" : 0.5,
  			"regPercY" : 0.5,
  			"hug" : "",
  			"z" : 0,
  			"width" : 64.5,
  			"height" : 64.5,
  			"clone" : "",
  			"src" : "img/physics/ball_3.png",
  			"type" : "img",
  			"tfParams" : "",
  			"parent" : "",
  			"flags" : "",
  			"class" : ""
		},
		{
			"name" : "ball_4",
  			"x" : 58.75,
  			"y" : 48.25,
  			"regPercX" : 0.5,
  			"regPercY" : 0.5,
  			"hug" : "",
  			"z" : 0,
  			"width" : 64.5,
  			"height" : 64.5,
  			"clone" : "",
  			"src" : "img/physics/ball_4.png",
  			"type" : "img",
  			"tfParams" : "",
  			"parent" : "",
  			"flags" : "",
  			"class" : ""
		},
		{
			"name" : "ball_5",
  			"x" : 376.75,
  			"y" : 112.75,
  			"regPercX" : 0.5,
  			"regPercY" : 0.5,
  			"hug" : "",
  			"z" : 0,
  			"width" : 64.5,
  			"height" : 64.5,
  			"clone" : "",
  			"src" : "img/physics/ball_5.png",
  			"type" : "img",
  			"tfParams" : "",
  			"parent" : "",
  			"flags" : "",
  			"class" : ""
		},
		{
			"name" : "ball_6",
  			"x" : 282.25,
  			"y" : 135.75,
  			"regPercX" : 0.5,
  			"regPercY" : 0.5,
  			"hug" : "",
  			"z" : 0,
  			"width" : 64.5,
  			"height" : 64.5,
  			"clone" : "",
  			"src" : "img/physics/ball_6.png",
  			"type" : "img",
  			"tfParams" : "",
  			"parent" : "",
  			"flags" : "",
  			"class" : ""
		},
		{
			"name" : "ball_7",
  			"x" : 277.75,
  			"y" : 323.75,
  			"regPercX" : 0.5,
  			"regPercY" : 0.5,
  			"hug" : "",
  			"z" : 0,
  			"width" : 64.5,
  			"height" : 64.5,
  			"clone" : "",
  			"src" : "img/physics/ball_7.png",
  			"type" : "img",
  			"tfParams" : "",
  			"parent" : "",
  			"flags" : "",
  			"class" : ""
		},
		{
			"name" : "bounds",
  			"x" : 250,
  			"y" : 250,
  			"regPercX" : 0.5,
  			"regPercY" : 0.5,
  			"hug" : "",
  			"z" : 0,
  			"width" : 500,
  			"height" : 500,
  			"clone" : "",
  			"src" : "img/physics/bounds.png",
  			"type" : "img",
  			"tfParams" : "",
  			"parent" : "",
  			"flags" : "",
  			"class" : ""
		}
	]},
	"pubtime" : "2021-8-30 13:11:13"
}