{ 
	"doc": {
		"name" : "popup.psd",
		"txs" : [
		{
			"name" : "title",
  			"x" : 250.75,
  			"y" : 58.75,
  			"regPercX" : 0.5,
  			"regPercY" : 0.5,
  			"hug" : "",
  			"z" : 1,
  			"width" : 80.5,
  			"height" : 22.5,
  			"clone" : "",
  			"src" : "",
  			"type" : "tf",
  			"tfParams" : "{\"visBoundsTLX\":-40.25,\"visBoundsTLY\":-11.25,\"visBoundsW\":80.5,\"visBoundsH\":22.5,\"text\":\"Popup\",\"font\":\"Montserrat-Regular\",\"alpha\":1,\"color\":\"#0DD6A0\",\"fontStyle\":\"Regular\",\"fontName\":\"Montserrat\",\"fontSize\":25,\"align\":\"center\"}",
  			"parent" : "",
  			"flags" : "ui",
  			"class" : ""
		},
		{
			"name" : "title_guide",
  			"x" : 250.5,
  			"y" : 69.25,
  			"regPercX" : 0.5,
  			"regPercY" : 0.5,
  			"hug" : "",
  			"z" : 0,
  			"width" : 101,
  			"height" : 46.5,
  			"clone" : "",
  			"src" : "img/popup/title_guide.png",
  			"type" : "img",
  			"tfParams" : "",
  			"parent" : "",
  			"flags" : "ui",
  			"class" : ""
		},
		{
			"name" : "close_txt",
  			"x" : 0,
  			"y" : -0.25,
  			"regPercX" : 0.5,
  			"regPercY" : 0.5,
  			"hug" : "",
  			"z" : 0,
  			"width" : 21,
  			"height" : 20.5,
  			"clone" : "",
  			"src" : "img/popup/close_txt.png",
  			"type" : "img",
  			"tfParams" : "",
  			"parent" : "close_btn",
  			"flags" : "ui",
  			"class" : ""
		},
		{
			"name" : "close_btn",
  			"x" : 479.5,
  			"y" : 20.5,
  			"regPercX" : 0.5,
  			"regPercY" : 0.5,
  			"hug" : "tr",
  			"z" : 0,
  			"width" : 41,
  			"height" : 41,
  			"clone" : "",
  			"src" : "",
  			"type" : "div",
  			"tfParams" : "",
  			"parent" : "",
  			"flags" : "ui",
  			"class" : ""
		},
		{
			"name" : "parrot",
  			"x" : 264.25,
  			"y" : 285,
  			"regPercX" : 0.5,
  			"regPercY" : 0.5,
  			"hug" : "",
  			"z" : 0,
  			"width" : 150.5,
  			"height" : 342,
  			"clone" : "",
  			"src" : "img/popup/parrot.png",
  			"type" : "img",
  			"tfParams" : "",
  			"parent" : "",
  			"flags" : "",
  			"class" : ""
		},
		{
			"name" : "start",
  			"x" : 250,
  			"y" : 467.25,
  			"regPercX" : 0.5,
  			"regPercY" : 0.5,
  			"hug" : "",
  			"z" : 2,
  			"width" : 73,
  			"height" : 34.5,
  			"clone" : "",
  			"src" : "",
  			"type" : "btn",
  			"tfParams" : "{\"visBoundsTLX\":-20,\"visBoundsTLY\":-9.25,\"visBoundsW\":42,\"visBoundsH\":13,\"text\":\"next\",\"font\":\"Montserrat-Regular\",\"alpha\":1,\"color\":\"#FFFFFF\",\"fontStyle\":\"Regular\",\"fontName\":\"Montserrat\",\"fontSize\":20,\"align\":\"center\"}",
  			"parent" : "",
  			"flags" : "ui",
  			"class" : "red"
		},
		{
			"name" : "bounds",
  			"x" : 250,
  			"y" : 250,
  			"regPercX" : 0.5,
  			"regPercY" : 0.5,
  			"hug" : "",
  			"z" : 0,
  			"width" : 500,
  			"height" : 500,
  			"clone" : "",
  			"src" : "img/popup/bounds.png",
  			"type" : "img",
  			"tfParams" : "",
  			"parent" : "",
  			"flags" : "",
  			"class" : ""
		}
	]},
	"pubtime" : "2021-5-10 12:44:51"
}